sequence,score,GC_weight,GT_weight,AC_weight,AT_weight,optimal_parameters
TACGCGCGCGCGTATATACGCGCGCG,79.5,5,0.0,0.0,0.5,0
CGATGCGCGCGCGTGTGCGCGCGTGCGCGCGC,108.0,5,0.0,0.0,0.5,0
,,5,0.0,0.0,0.5,0
,,5,0.0,0.0,0.5,0
CGCGCGCGCGCCCGTCGCG,58.0,5,0.0,0.0,0.5,0
TACGCGCGTGGCGTGGCGGTGGGCGCGCAGTGCG,60.0,5,0.0,0.0,0.5,0
GCGCGCACTGCGCGCTGCGC,59.0,5,0.0,0.0,0.5,0
,,5,0.0,0.0,0.5,0
,,5,0.0,0.0,0.5,0
CGCGCGCGCGCGCGCGCGCGCGCGCGCG,135.0,5,0.0,0.0,0.5,0
,,5,0.0,0.0,0.5,0
,,5,0.0,0.0,0.5,0
,,5,0.0,0.0,0.5,0
,,5,0.0,0.0,0.5,0
,,5,0.0,0.0,0.5,0
,,5,0.0,0.0,0.5,0
TACGCGCGCGCGTATATACGCGCGCG,82.0,5,0.0,1.25,0.5,0
CGATGCGCGCGCGTGTGCGCGCGTGCGCGCGC,108.0,5,0.0,1.25,0.5,0
,,5,0.0,1.25,0.5,0
,,5,0.0,1.25,0.5,0
ACGCGCGCGCGCCCGTCGCG,59.25,5,0.0,1.25,0.5,0
TACGCGCGTGGCGTGGCGGTGGGCGCGCAGTGCG,62.5,5,0.0,1.25,0.5,0
GCGCGCACTGCGCGCTGCGC,61.5,5,0.0,1.25,0.5,0
,,5,0.0,1.25,0.5,0
,,5,0.0,1.25,0.5,0
CGCGCGCGCGCGCGCGCGCGCGCGCGCG,135.0,5,0.0,1.25,0.5,0
,,5,0.0,1.25,0.5,0
,,5,0.0,1.25,0.5,0
,,5,0.0,1.25,0.5,0
,,5,0.0,1.25,0.5,0
,,5,0.0,1.25,0.5,0
,,5,0.0,1.25,0.5,0
TACGCGCGCGCGTATATACGCGCGCG,86.0,5,0.0,3.25,0.5,0
CGATGCGCGCGCGTGTGCGCGCGTGCGCGCGC,108.0,5,0.0,3.25,0.5,0
,,5,0.0,3.25,0.5,0
,,5,0.0,3.25,0.5,0
ACGCGCGCGCGCCCGTCGCG,61.25,5,0.0,3.25,0.5,0
TACGCGCGTGGCGTGGCGGTGGGCGCGCAGTGCG,66.5,5,0.0,3.25,0.5,0
GCGCGCACTGCGCGCTGCGCCA,65.75,5,0.0,3.25,0.5,0
,,5,0.0,3.25,0.5,0
,,5,0.0,3.25,0.5,0
CGCGCGCGCGCGCGCGCGCGCGCGCGCG,135.0,5,0.0,3.25,0.5,0
,,5,0.0,3.25,0.5,0
,,5,0.0,3.25,0.5,0
,,5,0.0,3.25,0.5,0
,,5,0.0,3.25,0.5,0
,,5,0.0,3.25,0.5,0
,,5,0.0,3.25,0.5,0
TACGCGCGCGCGTATATACGCGCGCGT,82.0,5,1.25,0.0,0.5,0
CGATGCGCGCGCGTGTGCGCGCGTGCGCGCGC,116.75,5,1.25,0.0,0.5,0
,,5,1.25,0.0,0.5,0
,,5,1.25,0.0,0.5,0
CGCGCGCGCGCCCGTCGCG,59.25,5,1.25,0.0,0.5,0
GTACGCGCGTGGCGTGGCGGTGGGCGCGCAGTGCGT,72.5,5,1.25,0.0,0.5,0
GCGCGCACTGCGCGCTGCGC,61.5,5,1.25,0.0,0.5,0
,,5,1.25,0.0,0.5,0
GTGTGTGTGTGTGTGTGTGTGTGTGTGTGTGTGTGTGTGTGTGTGTGTGTGT,63.75,5,1.25,0.0,0.5,0
CGCGCGCGCGCGCGCGCGCGCGCGCGCG,135.0,5,1.25,0.0,0.5,0
,,5,1.25,0.0,0.5,0
,,5,1.25,0.0,0.5,0
,,5,1.25,0.0,0.5,0
,,5,1.25,0.0,0.5,0
,,5,1.25,0.0,0.5,0
,,5,1.25,0.0,0.5,0
TACGCGCGCGCGTATATACGCGCGCGT,84.5,5,1.25,1.25,0.5,0
CGATGCGCGCGCGTGTGCGCGCGTGCGCGCGC,116.75,5,1.25,1.25,0.5,0
,,5,1.25,1.25,0.5,0
,,5,1.25,1.25,0.5,0
ACGCGCGCGCGCCCGTCGCG,60.5,5,1.25,1.25,0.5,0
GTACGCGCGTGGCGTGGCGGTGGGCGCGCAGTGCGT,75.0,5,1.25,1.25,0.5,0
GCGCGCACTGCGCGCTGCGC,64.0,5,1.25,1.25,0.5,0
,,5,1.25,1.25,0.5,0
GTGTGTGTGTGTGTGTGTGTGTGTGTGTGTGTGTGTGTGTGTGTGTGTGTGT,63.75,5,1.25,1.25,0.5,0
CGCGCGCGCGCGCGCGCGCGCGCGCGCG,135.0,5,1.25,1.25,0.5,0
,,5,1.25,1.25,0.5,0
,,5,1.25,1.25,0.5,0
,,5,1.25,1.25,0.5,0
,,5,1.25,1.25,0.5,0
,,5,1.25,1.25,0.5,0
,,5,1.25,1.25,0.5,0
TACGCGCGCGCGTATATACGCGCGCGT,88.5,5,1.25,3.25,0.5,0
CGATGCGCGCGCGTGTGCGCGCGTGCGCGCGC,116.75,5,1.25,3.25,0.5,0
,,5,1.25,3.25,0.5,0
,,5,1.25,3.25,0.5,0
ACGCGCGCGCGCCCGTCGCG,62.5,5,1.25,3.25,0.5,0
GTACGCGCGTGGCGTGGCGGTGGGCGCGCAGTGCGT,79.0,5,1.25,3.25,0.5,0
GCGCGCACTGCGCGCTGCGCCA,68.25,5,1.25,3.25,0.5,0
,,5,1.25,3.25,0.5,0
GTGTGTGTGTGTGTGTGTGTGTGTGTGTGTGTGTGTGTGTGTGTGTGTGTGT,63.75,5,1.25,3.25,0.5,0
CGCGCGCGCGCGCGCGCGCGCGCGCGCG,135.0,5,1.25,3.25,0.5,0
,,5,1.25,3.25,0.5,0
,,5,1.25,3.25,0.5,0
,,5,1.25,3.25,0.5,0
,,5,1.25,3.25,0.5,0
ACAGCGTACATGCTATACACACAC,51.75,5,1.25,3.25,0.5,0
,,5,1.25,3.25,0.5,0
TACGCGCGCGCGTATATACGCGCGCGT,86.0,5,3.25,0.0,0.5,0
CGATGCGCGCGCGTGTGCGCGCGTGCGCGCGC,130.75,5,3.25,0.0,0.5,0
GCGCGTGCATATGCGTG,54.25,5,3.25,0.0,0.5,0
GCGCGTGCATATGCGTG,54.25,5,3.25,0.0,0.5,0
CGCGCGCGCGCCCGTCGCG,61.25,5,3.25,0.0,0.5,0
GTACGCGCGTGGCGTGGCGGTGGGCGCGCAGTGCGT,92.5,5,3.25,0.0,0.5,0
GTGGCGCGCACTGCGCGCTGCGC,69.0,5,3.25,0.0,0.5,0
,,5,3.25,0.0,0.5,0
GTGTGTGTGTGTGTGTGTGTGTGTGTGTGTGTGTGTGTGTGTGTGTGTGTGT,165.75,5,3.25,0.0,0.5,0
CGCGCGCGCGCGCGCGCGCGCGCGCGCG,135.0,5,3.25,0.0,0.5,0
GTGTGTGTGTGTGTGTGTGTGTGTGTGT,87.75,5,3.25,0.0,0.5,0
GTGTGTGTGTGTGTGTGTGTGTGTGTGTGTGTGTGTGTGT,126.75,5,3.25,0.0,0.5,0
,,5,3.25,0.0,0.5,0
,,5,3.25,0.0,0.5,0
,,5,3.25,0.0,0.5,0
,,5,3.25,0.0,0.5,0
TACGCGCGCGCGTATATACGCGCGCGT,88.5,5,3.25,1.25,0.5,0
CGATGCGCGCGCGTGTGCGCGCGTGCGCGCGC,130.75,5,3.25,1.25,0.5,0
GCGCGTGCATATGCGTG,55.5,5,3.25,1.25,0.5,0
GCGCGTGCATATGCGTG,55.5,5,3.25,1.25,0.5,0
ACGCGCGCGCGCCCGTCGCG,62.5,5,3.25,1.25,0.5,0
GTACGCGCGTGGCGTGGCGGTGGGCGCGCAGTGCGT,95.0,5,3.25,1.25,0.5,0
GTGGCGCGCACTGCGCGCTGCGC,71.5,5,3.25,1.25,0.5,0
,,5,3.25,1.25,0.5,0
GTGTGTGTGTGTGTGTGTGTGTGTGTGTGTGTGTGTGTGTGTGTGTGTGTGT,165.75,5,3.25,1.25,0.5,0
CGCGCGCGCGCGCGCGCGCGCGCGCGCG,135.0,5,3.25,1.25,0.5,0
GTGTGTGTGTGTGTGTGTGTGTGTGTGT,87.75,5,3.25,1.25,0.5,0
GTGTGTGTGTGTGTGTGTGTGTGTGTGTGTGTGTGTGTGT,126.75,5,3.25,1.25,0.5,0
,,5,3.25,1.25,0.5,0
,,5,3.25,1.25,0.5,0
,,5,3.25,1.25,0.5,0
,,5,3.25,1.25,0.5,0
TACGCGCGCGCGTATATACGCGCGCGT,92.5,5,3.25,3.25,0.5,0
CGATGCGCGCGCGTGTGCGCGCGTGCGCGCGC,130.75,5,3.25,3.25,0.5,0
GCGCGTGCATATGCGTG,57.5,5,3.25,3.25,0.5,0
ACGCGGGGCGCGTGCATATGCGTG,57.75,5,3.25,3.25,0.5,0
ACGCGCGCGCGCCCGTCGCG,64.5,5,3.25,3.25,0.5,0
GTACGCGCGTGGCGTGGCGGTGGGCGCGCAGTGCGT,99.0,5,3.25,3.25,0.5,0
GTGGCGCGCACTGCGCGCTGCGCCA,75.75,5,3.25,3.25,0.5,0
,,5,3.25,3.25,0.5,0
GTGTGTGTGTGTGTGTGTGTGTGTGTGTGTGTGTGTGTGTGTGTGTGTGTGT,165.75,5,3.25,3.25,0.5,0
CGCGCGCGCGCGCGCGCGCGCGCGCGCG,135.0,5,3.25,3.25,0.5,0
GTGTGTGTGTGTGTGTGTGTGTGTGTGT,87.75,5,3.25,3.25,0.5,0
GTGTGTGTGTGTGTGTGTGTGTGTGTGTGTGTGTGTGTGT,126.75,5,3.25,3.25,0.5,0
,,5,3.25,3.25,0.5,0
,,5,3.25,3.25,0.5,0
ACAGCGTACATGCTATACACACAC,55.75,5,3.25,3.25,0.5,0
,,5,3.25,3.25,0.5,0
CGATTACGCGCGCGCGTATATACGCGCGCG,113.5,7,0.0,0.0,0.5,0
CGATGCGCGCGCGTGTGCGCGCGTGCGCGCGC,152.0,7,0.0,0.0,0.5,0
GCGCGTGCATATGCG,52.0,7,0.0,0.0,0.5,0
CGCGGGGCGCGTGCATATGCG,55.0,7,0.0,0.0,0.5,0
CGCGCGCGCGCCCGTCGCG,86.0,7,0.0,0.0,0.5,0
TACGCGCGTGGCGTGGCGGTGGGCGCGCAGTGCG,92.0,7,0.0,0.0,0.5,0
GCGCGCACTGCGCGCTGCGC,85.0,7,0.0,0.0,0.5,0
CGCGCGCGCG,63.0,7,0.0,0.0,0.5,0
,,7,0.0,0.0,0.5,0
CGCGCGCGCGCGCGCGCGCGCGCGCGCG,189.0,7,0.0,0.0,0.5,0
,,7,0.0,0.0,0.5,0
,,7,0.0,0.0,0.5,0
,,7,0.0,0.0,0.5,0
,,7,0.0,0.0,0.5,0
,,7,0.0,0.0,0.5,0
,,7,0.0,0.0,0.5,0
CGATTACGCGCGCGCGTATATACGCGCGCG,116.0,7,0.0,1.25,0.5,0
CGATGCGCGCGCGTGTGCGCGCGTGCGCGCGC,152.0,7,0.0,1.25,0.5,0
GCGCGTGCATATGCG,53.25,7,0.0,1.25,0.5,0
ACGCGGGGCGCGTGCATATGCG,57.5,7,0.0,1.25,0.5,0
ACGCGCGCGCGCCCGTCGCG,87.25,7,0.0,1.25,0.5,0
TACGCGCGTGGCGTGGCGGTGGGCGCGCAGTGCG,94.5,7,0.0,1.25,0.5,0
GCGCGCACTGCGCGCTGCGC,87.5,7,0.0,1.25,0.5,0
CGCGCGCGCG,63.0,7,0.0,1.25,0.5,0
,,7,0.0,1.25,0.5,0
CGCGCGCGCGCGCGCGCGCGCGCGCGCG,189.0,7,0.0,1.25,0.5,0
,,7,0.0,1.25,0.5,0
,,7,0.0,1.25,0.5,0
,,7,0.0,1.25,0.5,0
,,7,0.0,1.25,0.5,0
,,7,0.0,1.25,0.5,0
,,7,0.0,1.25,0.5,0
CGATTACGCGCGCGCGTATATACGCGCGCG,120.0,7,0.0,3.25,0.5,0
CGATGCGCGCGCGTGTGCGCGCGTGCGCGCGC,152.0,7,0.0,3.25,0.5,0
GCGCGTGCATATGCG,55.25,7,0.0,3.25,0.5,0
ACGCGGGGCGCGTGCATATGCG,61.5,7,0.0,3.25,0.5,0
ACGCGCGCGCGCCCGTCGCG,89.25,7,0.0,3.25,0.5,0
TACGCGCGTGGCGTGGCGGTGGGCGCGCAGTGCG,98.5,7,0.0,3.25,0.5,0
GCGCGCACTGCGCGCTGCGCCA,91.75,7,0.0,3.25,0.5,0
CGCGCGCGCG,63.0,7,0.0,3.25,0.5,0
,,7,0.0,3.25,0.5,0
CGCGCGCGCGCGCGCGCGCGCGCGCGCG,189.0,7,0.0,3.25,0.5,0
,,7,0.0,3.25,0.5,0
,,7,0.0,3.25,0.5,0
,,7,0.0,3.25,0.5,0
,,7,0.0,3.25,0.5,0
ACAGCGTACATGCTATACACACAC,55.25,7,0.0,3.25,0.5,0
,,7,0.0,3.25,0.5,0
CGATTACGCGCGCGCGTATATACGCGCGCGT,116.0,7,1.25,0.0,0.5,1
CGATGCGCGCGCGTGTGCGCGCGTGCGCGCGC,160.75,7,1.25,0.0,0.5,1
GCGCGTGCATATGCGTG,58.25,7,1.25,0.0,0.5,1
CGCGGGGCGCGTGCATATGCGTG,61.25,7,1.25,0.0,0.5,1
CGCGCGCGCGCCCGTCGCG,87.25,7,1.25,0.0,0.5,1
GTACGCGCGTGGCGTGGCGGTGGGCGCGCAGTGCGT,104.5,7,1.25,0.0,0.5,1
GCGCGCACTGCGCGCTGCGC,87.5,7,1.25,0.0,0.5,1
CGCGCGCGCG,63.0,7,1.25,0.0,0.5,1
GTGTGTGTGTGTGTGTGTGTGTGTGTGTGTGTGTGTGTGTGTGTGTGTGTGT,63.75,7,1.25,0.0,0.5,1
CGCGCGCGCGCGCGCGCGCGCGCGCGCG,189.0,7,1.25,0.0,0.5,1
,,7,1.25,0.0,0.5,1
,,7,1.25,0.0,0.5,1
,,7,1.25,0.0,0.5,1
,,7,1.25,0.0,0.5,1
,,7,1.25,0.0,0.5,1
,,7,1.25,0.0,0.5,1
CGATTACGCGCGCGCGTATATACGCGCGCGT,118.5,7,1.25,1.25,0.5,1
CGATGCGCGCGCGTGTGCGCGCGTGCGCGCGC,160.75,7,1.25,1.25,0.5,1
GCGCGTGCATATGCGTG,59.5,7,1.25,1.25,0.5,1
ACGCGGGGCGCGTGCATATGCGTG,63.75,7,1.25,1.25,0.5,1
ACGCGCGCGCGCCCGTCGCG,88.5,7,1.25,1.25,0.5,1
GTACGCGCGTGGCGTGGCGGTGGGCGCGCAGTGCGT,107.0,7,1.25,1.25,0.5,1
GCGCGCACTGCGCGCTGCGC,90.0,7,1.25,1.25,0.5,1
CGCGCGCGCG,63.0,7,1.25,1.25,0.5,1
GTGTGTGTGTGTGTGTGTGTGTGTGTGTGTGTGTGTGTGTGTGTGTGTGTGT,63.75,7,1.25,1.25,0.5,1
CGCGCGCGCGCGCGCGCGCGCGCGCGCG,189.0,7,1.25,1.25,0.5,1
,,7,1.25,1.25,0.5,1
,,7,1.25,1.25,0.5,1
,,7,1.25,1.25,0.5,1
,,7,1.25,1.25,0.5,1
,,7,1.25,1.25,0.5,1
,,7,1.25,1.25,0.5,1
CGATTACGCGCGCGCGTATATACGCGCGCGT,122.5,7,1.25,3.25,0.5,0
CGATGCGCGCGCGTGTGCGCGCGTGCGCGCGC,160.75,7,1.25,3.25,0.5,0
GCGCGTGCATATGCGTG,61.5,7,1.25,3.25,0.5,0
ACGCGGGGCGCGTGCATATGCGTG,67.75,7,1.25,3.25,0.5,0
ACGCGCGCGCGCCCGTCGCG,90.5,7,1.25,3.25,0.5,0
GTACGCGCGTGGCGTGGCGGTGGGCGCGCAGTGCGT,111.0,7,1.25,3.25,0.5,0
GCGCGCACTGCGCGCTGCGCCA,94.25,7,1.25,3.25,0.5,0
CGCGCGCGCG,63.0,7,1.25,3.25,0.5,0
GTGTGTGTGTGTGTGTGTGTGTGTGTGTGTGTGTGTGTGTGTGTGTGTGTGT,63.75,7,1.25,3.25,0.5,0
CGCGCGCGCGCGCGCGCGCGCGCGCGCG,189.0,7,1.25,3.25,0.5,0
,,7,1.25,3.25,0.5,0
,,7,1.25,3.25,0.5,0
,,7,1.25,3.25,0.5,0
,,7,1.25,3.25,0.5,0
ACAGCGTACATGCTATACACACAC,57.75,7,1.25,3.25,0.5,0
,,7,1.25,3.25,0.5,0
CGATTACGCGCGCGCGTATATACGCGCGCGT,120.0,7,3.25,0.0,0.5,0
CGATGCGCGCGCGTGTGCGCGCGTGCGCGCGC,174.75,7,3.25,0.0,0.5,0
GCGCGTGCATATGCGTG,68.25,7,3.25,0.0,0.5,0
CGCGGGGCGCGTGCATATGCGTG,71.25,7,3.25,0.0,0.5,0
CGCGCGCGCGCCCGTCGCG,89.25,7,3.25,0.0,0.5,0
GTACGCGCGTGGCGTGGCGGTGGGCGCGCAGTGCGT,124.5,7,3.25,0.0,0.5,0
GTGGCGCGCACTGCGCGCTGCGC,95.0,7,3.25,0.0,0.5,0
CGCGCGCGCG,63.0,7,3.25,0.0,0.5,0
GTGTGTGTGTGTGTGTGTGTGTGTGTGTGTGTGTGTGTGTGTGTGTGTGTGT,165.75,7,3.25,0.0,0.5,0
CGCGCGCGCGCGCGCGCGCGCGCGCGCG,189.0,7,3.25,0.0,0.5,0
GTGTGTGTGTGTGTGTGTGTGTGTGTGT,87.75,7,3.25,0.0,0.5,0
GTGTGTGTGTGTGTGTGTGTGTGTGTGTGTGTGTGTGTGT,126.75,7,3.25,0.0,0.5,0
,,7,3.25,0.0,0.5,0
GCGCGTGACTATGCGTG,54.25,7,3.25,0.0,0.5,0
,,7,3.25,0.0,0.5,0
,,7,3.25,0.0,0.5,0
CGATTACGCGCGCGCGTATATACGCGCGCGT,122.5,7,3.25,1.25,0.5,0
CGATGCGCGCGCGTGTGCGCGCGTGCGCGCGC,174.75,7,3.25,1.25,0.5,0
GCGCGTGCATATGCGTG,69.5,7,3.25,1.25,0.5,0
ACGCGGGGCGCGTGCATATGCGTG,73.75,7,3.25,1.25,0.5,0
ACGCGCGCGCGCCCGTCGCG,90.5,7,3.25,1.25,0.5,0
GTACGCGCGTGGCGTGGCGGTGGGCGCGCAGTGCGT,127.0,7,3.25,1.25,0.5,0
GTGGCGCGCACTGCGCGCTGCGC,97.5,7,3.25,1.25,0.5,0
CGCGCGCGCG,63.0,7,3.25,1.25,0.5,0
GTGTGTGTGTGTGTGTGTGTGTGTGTGTGTGTGTGTGTGTGTGTGTGTGTGT,165.75,7,3.25,1.25,0.5,0
CGCGCGCGCGCGCGCGCGCGCGCGCGCG,189.0,7,3.25,1.25,0.5,0
GTGTGTGTGTGTGTGTGTGTGTGTGTGT,87.75,7,3.25,1.25,0.5,0
GTGTGTGTGTGTGTGTGTGTGTGTGTGTGTGTGTGTGTGT,126.75,7,3.25,1.25,0.5,0
,,7,3.25,1.25,0.5,0
GCGCGTGACTATGCGTG,55.5,7,3.25,1.25,0.5,0
,,7,3.25,1.25,0.5,0
,,7,3.25,1.25,0.5,0
CGATTACGCGCGCGCGTATATACGCGCGCGT,126.5,7,3.25,3.25,0.5,0
CGATGCGCGCGCGTGTGCGCGCGTGCGCGCGC,174.75,7,3.25,3.25,0.5,0
GCGCGTGCATATGCGTG,71.5,7,3.25,3.25,0.5,0
ACGCGGGGCGCGTGCATATGCGTG,77.75,7,3.25,3.25,0.5,0
ACGCGCGCGCGCCCGTCGCG,92.5,7,3.25,3.25,0.5,0
GTACGCGCGTGGCGTGGCGGTGGGCGCGCAGTGCGT,131.0,7,3.25,3.25,0.5,0
GTGGCGCGCACTGCGCGCTGCGCCA,101.75,7,3.25,3.25,0.5,0
CGCGCGCGCG,63.0,7,3.25,3.25,0.5,0
GTGTGTGTGTGTGTGTGTGTGTGTGTGTGTGTGTGTGTGTGTGTGTGTGTGT,165.75,7,3.25,3.25,0.5,0
CGCGCGCGCGCGCGCGCGCGCGCGCGCG,189.0,7,3.25,3.25,0.5,0
GTGTGTGTGTGTGTGTGTGTGTGTGTGT,87.75,7,3.25,3.25,0.5,0
GTGTGTGTGTGTGTGTGTGTGTGTGTGTGTGTGTGTGTGT,126.75,7,3.25,3.25,0.5,0
,,7,3.25,3.25,0.5,0
GCGCGTGACTATGCGTG,57.5,7,3.25,3.25,0.5,0
ACAGCGTACATGCTATACACACAC,61.75,7,3.25,3.25,0.5,0
,,7,3.25,3.25,0.5,0
CGATTACGCGCGCGCGTATATACGCGCGCG,147.5,9,0.0,0.0,0.5,0
CGATGCGCGCGCGTGTGCGCGCGTGCGCGCGC,196.0,9,0.0,0.0,0.5,0
GCGCGTGCATATGCG,66.0,9,0.0,0.0,0.5,0
CGCGGGGCGCGTGCATATGCG,75.0,9,0.0,0.0,0.5,0
CGCGCGCGCGCCCGTCGCG,114.0,9,0.0,0.0,0.5,0
TACGCGCGTGGCGTGGCGGTGGGCGCGCAGTGCG,124.0,9,0.0,0.0,0.5,0
GCGCGCACTGCGCGCTGCGC,111.0,9,0.0,0.0,0.5,0
CGCGCGCGCG,81.0,9,0.0,0.0,0.5,0
,,9,0.0,0.0,0.5,0
CGCGCGCGCGCGCGCGCGCGCGCGCGCG,243.0,9,0.0,0.0,0.5,0
,,9,0.0,0.0,0.5,0
,,9,0.0,0.0,0.5,0
,,9,0.0,0.0,0.5,0
GCGCGTGACTATGCG,50.0,9,0.0,0.0,0.5,0
,,9,0.0,0.0,0.5,0
CGCGCGC,54.0,9,0.0,0.0,0.5,0
CGATTACGCGCGCGCGTATATACGCGCGCG,150.0,9,0.0,1.25,0.5,0
CGATGCGCGCGCGTGTGCGCGCGTGCGCGCGC,196.0,9,0.0,1.25,0.5,0
GCGCGTGCATATGCG,67.25,9,0.0,1.25,0.5,0
ACGCGGGGCGCGTGCATATGCG,77.5,9,0.0,1.25,0.5,0
ACGCGCGCGCGCCCGTCGCG,115.25,9,0.0,1.25,0.5,0
TACGCGCGTGGCGTGGCGGTGGGCGCGCAGTGCG,126.5,9,0.0,1.25,0.5,0
GCGCGCACTGCGCGCTGCGC,113.5,9,0.0,1.25,0.5,0
CGCGCGCGCG,81.0,9,0.0,1.25,0.5,0
,,9,0.0,1.25,0.5,0
CGCGCGCGCGCGCGCGCGCGCGCGCGCG,243.0,9,0.0,1.25,0.5,0
,,9,0.0,1.25,0.5,0
,,9,0.0,1.25,0.5,0
,,9,0.0,1.25,0.5,0
GCGCGTGACTATGCG,51.25,9,0.0,1.25,0.5,0
,,9,0.0,1.25,0.5,0
ACGCGCGC,55.25,9,0.0,1.25,0.5,0
CGATTACGCGCGCGCGTATATACGCGCGCG,154.0,9,0.0,3.25,0.5,0
CGATGCGCGCGCGTGTGCGCGCGTGCGCGCGC,196.0,9,0.0,3.25,0.5,0
GCGCGTGCATATGCG,69.25,9,0.0,3.25,0.5,0
ACGCGGGGCGCGTGCATATGCG,81.5,9,0.0,3.25,0.5,0
ACGCGCGCGCGCCCGTCGCG,117.25,9,0.0,3.25,0.5,0
TACGCGCGTGGCGTGGCGGTGGGCGCGCAGTGCG,130.5,9,0.0,3.25,0.5,0
GCGCGCACTGCGCGCTGCGCCA,117.75,9,0.0,3.25,0.5,0
CGCGCGCGCG,81.0,9,0.0,3.25,0.5,0
,,9,0.0,3.25,0.5,0
CGCGCGCGCGCGCGCGCGCGCGCGCGCG,243.0,9,0.0,3.25,0.5,0
,,9,0.0,3.25,0.5,0
,,9,0.0,3.25,0.5,0
,,9,0.0,3.25,0.5,0
GCGCGTGACTATGCG,53.25,9,0.0,3.25,0.5,0
ACAGCGTACATGCTATACACACAC,61.25,9,0.0,3.25,0.5,0
ACGCGCGC,57.25,9,0.0,3.25,0.5,0
CGATTACGCGCGCGCGTATATACGCGCGCGT,150.0,9,1.25,0.0,0.5,0
CGATGCGCGCGCGTGTGCGCGCGTGCGCGCGC,204.75,9,1.25,0.0,0.5,0
GCGCGTGCATATGCGTG,72.25,9,1.25,0.0,0.5,0
CGCGGGGCGCGTGCATATGCGTG,81.25,9,1.25,0.0,0.5,0
CGCGCGCGCGCCCGTCGCG,115.25,9,1.25,0.0,0.5,0
GTACGCGCGTGGCGTGGCGGTGGGCGCGCAGTGCGT,136.5,9,1.25,0.0,0.5,0
GCGCGCACTGCGCGCTGCGC,113.5,9,1.25,0.0,0.5,0
CGCGCGCGCG,81.0,9,1.25,0.0,0.5,0
GTGTGTGTGTGTGTGTGTGTGTGTGTGTGTGTGTGTGTGTGTGTGTGTGTGT,63.75,9,1.25,0.0,0.5,0
CGCGCGCGCGCGCGCGCGCGCGCGCGCG,243.0,9,1.25,0.0,0.5,0
,,9,1.25,0.0,0.5,0
,,9,1.25,0.0,0.5,0
,,9,1.25,0.0,0.5,0
GCGCGTGACTATGCGTG,56.25,9,1.25,0.0,0.5,0
,,9,1.25,0.0,0.5,0
CGCGCGC,54.0,9,1.25,0.0,0.5,0
CGATTACGCGCGCGCGTATATACGCGCGCGT,152.5,9,1.25,1.25,0.5,0
CGATGCGCGCGCGTGTGCGCGCGTGCGCGCGC,204.75,9,1.25,1.25,0.5,0
GCGCGTGCATATGCGTG,73.5,9,1.25,1.25,0.5,0
ACGCGGGGCGCGTGCATATGCGTG,83.75,9,1.25,1.25,0.5,0
ACGCGCGCGCGCCCGTCGCG,116.5,9,1.25,1.25,0.5,0
GTACGCGCGTGGCGTGGCGGTGGGCGCGCAGTGCGT,139.0,9,1.25,1.25,0.5,0
GCGCGCACTGCGCGCTGCGC,116.0,9,1.25,1.25,0.5,0
CGCGCGCGCG,81.0,9,1.25,1.25,0.5,0
GTGTGTGTGTGTGTGTGTGTGTGTGTGTGTGTGTGTGTGTGTGTGTGTGTGT,63.75,9,1.25,1.25,0.5,0
CGCGCGCGCGCGCGCGCGCGCGCGCGCG,243.0,9,1.25,1.25,0.5,0
,,9,1.25,1.25,0.5,0
,,9,1.25,1.25,0.5,0
,,9,1.25,1.25,0.5,0
GCGCGTGACTATGCGTG,57.5,9,1.25,1.25,0.5,0
,,9,1.25,1.25,0.5,0
ACGCGCGC,55.25,9,1.25,1.25,0.5,0
CGATTACGCGCGCGCGTATATACGCGCGCGT,156.5,9,1.25,3.25,0.5,0
CGATGCGCGCGCGTGTGCGCGCGTGCGCGCGC,204.75,9,1.25,3.25,0.5,0
GCGCGTGCATATGCGTG,75.5,9,1.25,3.25,0.5,0
ACGCGGGGCGCGTGCATATGCGTG,87.75,9,1.25,3.25,0.5,0
ACGCGCGCGCGCCCGTCGCG,118.5,9,1.25,3.25,0.5,0
GTACGCGCGTGGCGTGGCGGTGGGCGCGCAGTGCGT,143.0,9,1.25,3.25,0.5,0
GCGCGCACTGCGCGCTGCGCCA,120.25,9,1.25,3.25,0.5,0
CGCGCGCGCG,81.0,9,1.25,3.25,0.5,0
GTGTGTGTGTGTGTGTGTGTGTGTGTGTGTGTGTGTGTGTGTGTGTGTGTGT,63.75,9,1.25,3.25,0.5,0
CGCGCGCGCGCGCGCGCGCGCGCGCGCG,243.0,9,1.25,3.25,0.5,0
,,9,1.25,3.25,0.5,0
,,9,1.25,3.25,0.5,0
,,9,1.25,3.25,0.5,0
GCGCGTGACTATGCGTG,59.5,9,1.25,3.25,0.5,0
ACAGCGTACATGCTATACACACAC,63.75,9,1.25,3.25,0.5,0
ACGCGCGC,57.25,9,1.25,3.25,0.5,0
CGATTACGCGCGCGCGTATATACGCGCGCGT,154.0,9,3.25,0.0,0.5,0
CGATGCGCGCGCGTGTGCGCGCGTGCGCGCGC,218.75,9,3.25,0.0,0.5,0
GCGCGTGCATATGCGTG,82.25,9,3.25,0.0,0.5,0
CGCGGGGCGCGTGCATATGCGTG,91.25,9,3.25,0.0,0.5,0
CGCGCGCGCGCCCGTCGCG,117.25,9,3.25,0.0,0.5,0
GTACGCGCGTGGCGTGGCGGTGGGCGCGCAGTGCGT,156.5,9,3.25,0.0,0.5,0
GTGGCGCGCACTGCGCGCTGCGC,121.0,9,3.25,0.0,0.5,0
CGCGCGCGCG,81.0,9,3.25,0.0,0.5,0
GTGTGTGTGTGTGTGTGTGTGTGTGTGTGTGTGTGTGTGTGTGTGTGTGTGT,165.75,9,3.25,0.0,0.5,0
CGCGCGCGCGCGCGCGCGCGCGCGCGCG,243.0,9,3.25,0.0,0.5,0
GTGTGTGTGTGTGTGTGTGTGTGTGTGT,87.75,9,3.25,0.0,0.5,0
GTGTGTGTGTGTGTGTGTGTGTGTGTGTGTGTGTGTGTGT,126.75,9,3.25,0.0,0.5,0
,,9,3.25,0.0,0.5,0
GCGCGTGACTATGCGTG,66.25,9,3.25,0.0,0.5,0
,,9,3.25,0.0,0.5,0
CGCGCGC,54.0,9,3.25,0.0,0.5,0
CGATTACGCGCGCGCGTATATACGCGCGCGT,156.5,9,3.25,1.25,0.5,0
CGATGCGCGCGCGTGTGCGCGCGTGCGCGCGC,218.75,9,3.25,1.25,0.5,0
GCGCGTGCATATGCGTG,83.5,9,3.25,1.25,0.5,0
ACGCGGGGCGCGTGCATATGCGTG,93.75,9,3.25,1.25,0.5,0
ACGCGCGCGCGCCCGTCGCG,118.5,9,3.25,1.25,0.5,0
GTACGCGCGTGGCGTGGCGGTGGGCGCGCAGTGCGT,159.0,9,3.25,1.25,0.5,0
GTGGCGCGCACTGCGCGCTGCGC,123.5,9,3.25,1.25,0.5,0
CGCGCGCGCG,81.0,9,3.25,1.25,0.5,0
GTGTGTGTGTGTGTGTGTGTGTGTGTGTGTGTGTGTGTGTGTGTGTGTGTGT,165.75,9,3.25,1.25,0.5,0
CGCGCGCGCGCGCGCGCGCGCGCGCGCG,243.0,9,3.25,1.25,0.5,0
GTGTGTGTGTGTGTGTGTGTGTGTGTGT,87.75,9,3.25,1.25,0.5,0
GTGTGTGTGTGTGTGTGTGTGTGTGTGTGTGTGTGTGTGT,126.75,9,3.25,1.25,0.5,0
,,9,3.25,1.25,0.5,0
GCGCGTGACTATGCGTG,67.5,9,3.25,1.25,0.5,0
,,9,3.25,1.25,0.5,0
ACGCGCGC,55.25,9,3.25,1.25,0.5,0
CGATTACGCGCGCGCGTATATACGCGCGCGT,160.5,9,3.25,3.25,0.5,0
CGATGCGCGCGCGTGTGCGCGCGTGCGCGCGC,218.75,9,3.25,3.25,0.5,0
GCGCGTGCATATGCGTG,85.5,9,3.25,3.25,0.5,0
ACGCGGGGCGCGTGCATATGCGTG,97.75,9,3.25,3.25,0.5,0
ACGCGCGCGCGCCCGTCGCG,120.5,9,3.25,3.25,0.5,0
GTACGCGCGTGGCGTGGCGGTGGGCGCGCAGTGCGT,163.0,9,3.25,3.25,0.5,0
GTGGCGCGCACTGCGCGCTGCGCCA,127.75,9,3.25,3.25,0.5,0
CGCGCGCGCG,81.0,9,3.25,3.25,0.5,0
GTGTGTGTGTGTGTGTGTGTGTGTGTGTGTGTGTGTGTGTGTGTGTGTGTGT,165.75,9,3.25,3.25,0.5,0
CGCGCGCGCGCGCGCGCGCGCGCGCGCG,243.0,9,3.25,3.25,0.5,0
GTGTGTGTGTGTGTGTGTGTGTGTGTGT,87.75,9,3.25,3.25,0.5,0
GTGTGTGTGTGTGTGTGTGTGTGTGTGTGTGTGTGTGTGT,126.75,9,3.25,3.25,0.5,0
,,9,3.25,3.25,0.5,0
GCGCGTGACTATGCGTG,69.5,9,3.25,3.25,0.5,0
ACAGCGTACATGCTATACACACAC,67.75,9,3.25,3.25,0.5,0
CACGCTCTGAACGCGCGC,58.0,9,3.25,3.25,0.5,0
